{
  "android": {
    "background_color": "0080ffff",
    "bg_type": "one",
    "border_color": "424242ff",
    "border_style": "plain",
    "border_type": 0,
    "border_width": 0,
    "font_name": "default",
    "isForked": true
  },
  "androidwearos": {
    "background_color": "0080ffff",
    "bg_type": "one",
    "border_color": "424242ff",
    "border_style": "plain",
    "border_type": 0,
    "border_width": 0,
    "font_name": "default",
    "isForked": true
  },
  "background_color": "87cefaff",
  "bg_type": "one",
  "border_color": "424242ff",
  "border_style": "plain",
  "border_type": 0,
  "border_width": 0,
  "desktopweb": {
    "background_color": "0080ffff",
    "bg_type": "one",
    "font_name": "Helvetica",
    "isForked": true,
    "shadow": {
      "br": 0,
      "color": "000000ff",
      "inner": false,
      "nm": 0,
      "x": 0,
      "y": 0
    }
  },
  "font_color": "333333ff",
  "font_name": "iphoneSystem",
  "font_size": 200,
  "font_style": "normal",
  "font_weight": "normal",
  "ipad": {
    "background_color": "0080ffff",
    "bg_type": "one",
    "border_color": "424242ff",
    "border_style": "plain",
    "border_type": 0,
    "border_width": 0,
    "font_name": "System",
    "isForked": true,
    "shadow": {
      "br": 0,
      "color": "000000ff",
      "inner": false,
      "nm": 0,
      "x": 0,
      "y": 0
    }
  },
  "iphone": {
    "background_color": "0080ffff",
    "bg_type": "one",
    "border_color": "424242ff",
    "border_style": "plain",
    "border_type": 0,
    "border_width": 0,
    "font_name": "System",
    "isForked": true,
    "shadow": {
      "br": 0,
      "color": "000000ff",
      "inner": false,
      "nm": 0,
      "x": 0,
      "y": 0
    }
  },
  "isDefaultSkin": false,
  "kiosk": {
    "background_color": "0080ffff",
    "bg_type": "one",
    "border_color": "424242ff",
    "border_style": "plain",
    "border_type": 0,
    "border_width": 0,
    "font_name": "None",
    "isForked": true
  },
  "kuid": "s3b5fdb8af494a808dd0a468393a2625",
  "spaan": {
    "background_color": "0080ffff",
    "bg_type": "one",
    "font_name": "Helvetica",
    "isForked": true,
    "shadow": {
      "br": 0,
      "color": "000000ff",
      "inner": false,
      "nm": 0,
      "x": 0,
      "y": 0
    }
  },
  "spaandroidtablet": {
    "background_color": "0080ffff",
    "bg_type": "one",
    "font_name": "Helvetica",
    "isForked": true,
    "shadow": {
      "br": 0,
      "color": "000000ff",
      "inner": false,
      "nm": 0,
      "x": 0,
      "y": 0
    }
  },
  "spabb": {
    "background_color": "0080ffff",
    "bg_type": "one",
    "font_name": "Helvetica",
    "isForked": true,
    "shadow": {
      "br": 0,
      "color": "000000ff",
      "inner": false,
      "nm": 0,
      "x": 0,
      "y": 0
    }
  },
  "spaip": {
    "background_color": "0080ffff",
    "bg_type": "one",
    "font_name": "Helvetica",
    "isForked": true,
    "shadow": {
      "br": 0,
      "color": "000000ff",
      "inner": false,
      "nm": 0,
      "x": 0,
      "y": 0
    }
  },
  "spaipad": {
    "background_color": "0080ffff",
    "bg_type": "one",
    "font_name": "Helvetica",
    "isForked": true,
    "shadow": {
      "br": 0,
      "color": "000000ff",
      "inner": false,
      "nm": 0,
      "x": 0,
      "y": 0
    }
  },
  "spawindowstablet": {
    "background_color": "0080ffff",
    "bg_type": "one",
    "font_name": "Helvetica",
    "isForked": true,
    "shadow": {
      "br": 0,
      "color": "000000ff",
      "inner": false,
      "nm": 0,
      "x": 0,
      "y": 0
    }
  },
  "spawinphone8": {
    "background_color": "0080ffff",
    "bg_type": "one",
    "font_name": "Helvetica",
    "isForked": true,
    "shadow": {
      "br": 0,
      "color": "000000ff",
      "inner": false,
      "nm": 0,
      "x": 0,
      "y": 0
    }
  },
  "tabrcandroid": {
    "background_color": "0080ffff",
    "bg_type": "one",
    "border_color": "424242ff",
    "border_style": "plain",
    "border_type": 0,
    "border_width": 0,
    "font_name": "default",
    "isForked": true
  },
  "wType": "Label",
  "watchos": {
    "font_name": "System"
  },
  "windows8": {
    "background_color": "0080ffff",
    "bg_type": "one",
    "border_color": "424242ff",
    "border_style": "plain",
    "border_type": 0,
    "border_width": 0,
    "font_name": "None",
    "isForked": true
  },
  "winphone8": {
    "background_color": "0080ffff",
    "bg_type": "one",
    "border_color": "424242ff",
    "border_style": "plain",
    "border_type": 0,
    "border_width": 0,
    "font_name": "None",
    "isForked": true
  }
}