{
    "APPLICATION_THEME": "default",
    "appaddrkey": "",
    "appidkey": "AutoLayout",
    "appnamekey": "AutoLayout",
    "apppackagekey": "",
    "appversionkey": "1.0.0",
    "build": "debug",
    "category": "app",
    "createdVizVersion": "8.3.10",
    "createdgaversion": "8.3.10",
    "currentgaversion": "8.3.10",
    "enableCustomData": false,
    "enableProgressiveWeb": false,
    "enableResponsive": true,
    "enableasyncdesktopweb": true,
    "enableasyncspa": true,
    "isDeveloperMode": "false",
    "isDpScaleFactor": true,
    "isMVC": true,
    "isNewAppWithRespectToAndroidPackageName": "",
    "konyVizVersion": "8.3.10",
    "mastersProperties": {
        "mastersVersion": "2.0.0"
    },
    "mwaddrkey": "",
    "mwhttpsportkey": "",
    "mwportkey": "",
    "project.type": "js",
    "project_version": "sprint32",
    "referenceWidth": "375",
    "startupformkey": "c4a70b749e874c0aa53d7c9a4e76caa6",
    "vendornamekey": "KonyLabs",
    "winmobileguidkey": "",
    "defaulttheme": "defaultTheme",
    "cloud_account_guid": "d29896dc-8d70-41d9-b187-5367f2b1353b",
    "nativeContainerProperties": {
        "isModified": false,
        "isEnableJSContainer": false,
        "isEnableJSContainerAndroid": false,
        "isEnableJSContaineriOS": false
    },
    "appmenu": {
        "mobile": {
            "data": [
                {
                    "id": "appmenuitemid1",
                    "title": "Item 1",
                    "icon": {
                        "default": "option1.png"
                    },
                    "kuid": "eff1468873e54102bbd8abfee05640e5"
                },
                {
                    "id": "appmenuitemid2",
                    "title": "Item 2",
                    "icon": {
                        "default": "option2.png"
                    },
                    "kuid": "c9c12d2fe70b49edb08fb54cd0e14a52"
                },
                {
                    "id": "appmenuitemid3",
                    "title": "Item 3",
                    "icon": {
                        "default": "option3.png"
                    },
                    "kuid": "db55bdb8938a4190a00297ca57fefa13"
                },
                {
                    "id": "appmenuitemid4",
                    "title": "Item 4",
                    "icon": {
                        "default": "option4.png"
                    },
                    "kuid": "f0806602e74b499b8c87dc007f5157fa"
                }
            ]
        },
        "tablet": {
            "data": [
                {
                    "id": "appmenuitemid1",
                    "title": "Item 1",
                    "icon": {
                        "default": "option1.png"
                    },
                    "kuid": "cd2d9258bfbe497e8ff60879ac735d29",
                    "windows8": {
                        "position": "BOTTOM_LEFT",
                        "appBarButtonStyle": "No Style"
                    }
                },
                {
                    "id": "appmenuitemid2",
                    "title": "Item 2",
                    "icon": {
                        "default": "option2.png"
                    },
                    "kuid": "ea5b55c3f3e94c93aed16714d217d0ac",
                    "windows8": {
                        "position": "BOTTOM_LEFT",
                        "appBarButtonStyle": "No Style"
                    }
                },
                {
                    "id": "appmenuitemid3",
                    "title": "Item 3",
                    "icon": {
                        "default": "option3.png"
                    },
                    "kuid": "f909b9fc6a754bafbbd534183a7ad48e",
                    "windows8": {
                        "position": "BOTTOM_LEFT",
                        "appBarButtonStyle": "No Style"
                    }
                },
                {
                    "id": "appmenuitemid4",
                    "title": "Item 4",
                    "icon": {
                        "default": "option4.png"
                    },
                    "kuid": "g4c2fe31841e46faa247348b4b77e306",
                    "windows8": {
                        "position": "BOTTOM_LEFT",
                        "appBarButtonStyle": "No Style"
                    }
                }
            ]
        },
        "desktop": {
            "data": [
                {
                    "id": "appmenuitemid1",
                    "title": "Item 1",
                    "icon": {
                        "default": "option1.png"
                    },
                    "kuid": "f82abb228ae340d4a4289823423b2ea7"
                },
                {
                    "id": "appmenuitemid2",
                    "title": "Item 2",
                    "icon": {
                        "default": "option2.png"
                    },
                    "kuid": "f2f8f2c464ce4926bc1dd261e9424db2"
                },
                {
                    "id": "appmenuitemid3",
                    "title": "Item 3",
                    "icon": {
                        "default": "option3.png"
                    },
                    "kuid": "c467ee815c184b1d8f092fef1f8b2983"
                },
                {
                    "id": "appmenuitemid4",
                    "title": "Item 4",
                    "icon": {
                        "default": "option4.png"
                    },
                    "kuid": "a53dcbc891c6496a9224fd7837625786"
                }
            ]
        },
        "skin": null,
        "focusSkin": null,
        "focusskin": null,
        "osVersion": "iOS7",
        "osPlatform": "",
        "wType": "Appmenu"
    },
    "export.type": "visualizer"
}